purchase_id,nfe_number,purchase_date,supplier_id,product_id,quantity,unit_cost,total_cost,cfop,icms_base,icms_rate,icms_amount
501,12001,2026-04-03,FOR-008,8,100.0,18.23,1823.0,1102,1823.0,0.12,218.76
502,12001,2026-04-03,FOR-001,12,74.0,3.14,232.36,1102,232.36,0.12,27.88
503,12001,2026-04-03,FOR-001,14,61.0,3.25,198.25,1102,198.25,0.12,23.79
504,12001,2026-04-03,FOR-001,15,54.0,1.42,76.68,1102,76.68,0.12,9.2
505,12001,2026-04-03,FOR-008,1,150.0,3.77,565.5,1102,565.5,0.18,101.79
506,12001,2026-04-03,FOR-002,2,60.0,2.54,152.4,1102,152.4,0.18,27.43
507,12001,2026-04-03,FOR-008,3,57.0,6.72,383.04,1102,383.04,0.18,68.95
508,12001,2026-04-03,FOR-002,5,26.0,7.48,194.48,1102,194.48,0.18,35.01
509,12001,2026-04-03,FOR-004,6,37.0,4.68,173.16,1102,173.16,0.18,31.17
510,12001,2026-04-03,FOR-007,7,98.0,2.26,221.48,1102,221.48,0.18,39.87
511,12001,2026-04-03,FOR-003,16,45.0,3.68,165.6,1102,165.6,0.12,19.87
512,12001,2026-04-03,FOR-003,19,114.3,3.44,393.19,1102,393.19,0.12,47.18
513,12001,2026-04-03,FOR-004,24,74.4,13.04,970.18,1102,970.18,0.12,116.42
514,12001,2026-04-03,FOR-004,25,79.5,8.99,714.71,1102,714.71,0.12,85.77
515,12001,2026-04-03,FOR-004,26,48.2,14.14,681.55,1102,681.55,0.12,81.79
516,12001,2026-04-03,FOR-004,27,74.4,15.52,1154.69,1102,1154.69,0.12,138.56
517,12001,2026-04-03,FOR-005,30,28.0,8.8,246.4,1102,246.4,0.18,44.35
518,12001,2026-04-03,FOR-005,31,48.0,5.94,285.12,1102,285.12,0.18,51.32
519,12001,2026-04-03,FOR-007,32,156.0,0.89,138.84,1102,138.84,0.18,24.99
520,12001,2026-04-03,FOR-007,33,233.0,2.49,580.17,1102,580.17,0.18,104.43
521,12001,2026-04-03,FOR-007,34,161.0,3.02,486.22,1102,486.22,0.18,87.52
522,12001,2026-04-03,FOR-006,36,58.0,8.9,516.2,1102,516.2,0.18,92.92
523,12001,2026-04-03,FOR-008,37,41.0,7.88,323.08,1102,323.08,0.18,58.15
524,12001,2026-04-03,FOR-007,38,67.0,4.53,303.51,1102,303.51,0.18,54.63
525,12002,2026-04-15,FOR-001,8,100.0,18.76,1876.0,1102,1876.0,0.12,225.12
526,12002,2026-04-15,FOR-001,9,40.0,13.18,527.2,1102,527.2,0.12,63.26
527,12002,2026-04-15,FOR-007,10,100.0,4.89,489.0,1102,489.0,0.12,58.68
528,12002,2026-04-15,FOR-001,11,75.0,5.41,405.75,1102,405.75,0.12,48.69
529,12002,2026-04-15,FOR-001,14,64.0,3.32,212.48,1102,212.48,0.12,25.5
530,12002,2026-04-15,FOR-001,15,55.0,1.38,75.9,1102,75.9,0.12,9.11
531,12002,2026-04-15,FOR-002,1,150.0,3.83,574.5,1102,574.5,0.18,103.41
532,12002,2026-04-15,FOR-008,3,42.0,6.83,286.86,1102,286.86,0.18,51.63
533,12002,2026-04-15,FOR-002,4,35.0,5.06,177.1,1102,177.1,0.18,31.88
534,12002,2026-04-15,FOR-002,5,35.0,7.38,258.3,1102,258.3,0.18,46.49
535,12002,2026-04-15,FOR-004,6,32.0,4.54,145.28,1102,145.28,0.18,26.15
536,12002,2026-04-15,FOR-007,7,79.0,2.31,182.49,1102,182.49,0.18,32.85
537,12002,2026-04-15,FOR-003,16,45.0,3.7,166.5,1102,166.5,0.12,19.98
538,12002,2026-04-15,FOR-003,21,37.0,1.8,66.6,1102,66.6,0.12,7.99
539,12002,2026-04-15,FOR-004,22,39.6,28.02,1109.59,1102,1109.59,0.12,133.15
540,12002,2026-04-15,FOR-004,23,65.8,20.39,1341.66,1102,1341.66,0.12,161.0
541,12002,2026-04-15,FOR-004,25,53.9,9.1,490.49,1102,490.49,0.12,58.86
542,12002,2026-04-15,FOR-004,26,36.0,13.97,502.92,1102,502.92,0.12,60.35
543,12002,2026-04-15,FOR-004,27,74.7,15.18,1133.95,1102,1133.95,0.12,136.07
544,12002,2026-04-15,FOR-005,28,96.0,6.2,595.2,1102,595.2,0.18,107.14
545,12002,2026-04-15,FOR-007,29,81.0,5.32,430.92,1102,430.92,0.18,77.57
546,12002,2026-04-15,FOR-005,30,42.0,8.65,363.3,1102,363.3,0.18,65.39
547,12002,2026-04-15,FOR-007,33,167.0,2.42,404.14,1102,404.14,0.18,72.75
548,12002,2026-04-15,FOR-005,34,150.0,3.06,459.0,1102,459.0,0.18,82.62
549,12002,2026-04-15,FOR-006,36,56.0,8.95,501.2,1102,501.2,0.18,90.22
550,12002,2026-04-15,FOR-006,39,101.0,1.74,175.74,1102,175.74,0.18,31.63
551,12003,2026-04-28,FOR-001,8,100.0,18.48,1848.0,1102,1848.0,0.12,221.76
552,12003,2026-04-28,FOR-007,12,109.0,3.08,335.72,1102,335.72,0.12,40.29
553,12003,2026-04-28,FOR-008,1,150.0,3.75,562.5,1102,562.5,0.18,101.25
554,12003,2026-04-28,FOR-002,2,65.0,2.54,165.1,1102,165.1,0.18,29.72
555,12003,2026-04-28,FOR-002,3,62.0,6.68,414.16,1102,414.16,0.18,74.55
556,12003,2026-04-28,FOR-002,4,46.0,5.15,236.9,1102,236.9,0.18,42.64
557,12003,2026-04-28,FOR-004,6,33.0,4.64,153.12,1102,153.12,0.18,27.56
558,12003,2026-04-28,FOR-007,7,58.0,2.36,136.88,1102,136.88,0.18,24.64
559,12003,2026-04-28,FOR-003,16,45.0,3.65,164.25,1102,164.25,0.12,19.71
560,12003,2026-04-28,FOR-003,17,44.0,5.88,258.72,1102,258.72,0.12,31.05
561,12003,2026-04-28,FOR-003,18,53.1,4.71,250.1,1102,250.1,0.12,30.01
562,12003,2026-04-28,FOR-003,20,48.7,3.12,151.94,1102,151.94,0.12,18.23
563,12003,2026-04-28,FOR-003,21,31.0,1.84,57.04,1102,57.04,0.12,6.84
564,12003,2026-04-28,FOR-004,22,40.7,28.8,1172.16,1102,1172.16,0.12,140.66
565,12003,2026-04-28,FOR-004,25,85.7,9.14,783.3,1102,783.3,0.12,94.0
566,12003,2026-04-28,FOR-004,26,52.0,13.9,722.8,1102,722.8,0.12,86.74
567,12003,2026-04-28,FOR-004,27,61.4,15.21,933.89,1102,933.89,0.12,112.07
568,12003,2026-04-28,FOR-007,28,93.0,6.33,588.69,1102,588.69,0.18,105.96
569,12003,2026-04-28,FOR-005,29,105.0,5.12,537.6,1102,537.6,0.18,96.77
570,12003,2026-04-28,FOR-005,30,33.0,8.77,289.41,1102,289.41,0.18,52.09
571,12003,2026-04-28,FOR-005,31,49.0,6.1,298.9,1102,298.9,0.18,53.8
572,12003,2026-04-28,FOR-005,32,122.0,0.89,108.58,1102,108.58,0.18,19.54
573,12003,2026-04-28,FOR-007,35,74.0,1.51,111.74,1102,111.74,0.18,20.11
574,12003,2026-04-28,FOR-007,36,60.0,8.68,520.8,1102,520.8,0.18,93.74
575,12003,2026-04-28,FOR-006,39,93.0,1.72,159.96,1102,159.96,0.18,28.79
576,12003,2026-04-28,FOR-008,40,79.0,4.32,341.28,1102,341.28,0.18,61.43
577,12004,2026-05-08,FOR-008,8,100.0,18.27,1827.0,1102,1827.0,0.12,219.24
578,12004,2026-05-08,FOR-001,9,130.0,13.3,1729.0,1102,1729.0,0.12,207.48
579,12004,2026-05-08,FOR-001,10,100.0,4.92,492.0,1102,492.0,0.12,59.04
580,12004,2026-05-08,FOR-007,11,97.0,5.5,533.5,1102,533.5,0.12,64.02
581,12004,2026-05-08,FOR-001,12,103.0,3.08,317.24,1102,317.24,0.12,38.07
582,12004,2026-05-08,FOR-007,14,78.0,3.27,255.06,1102,255.06,0.12,30.61
583,12004,2026-05-08,FOR-008,1,150.0,3.79,568.5,1102,568.5,0.18,102.33
584,12004,2026-05-08,FOR-002,4,42.0,5.08,213.36,1102,213.36,0.18,38.4
585,12004,2026-05-08,FOR-007,7,83.0,2.33,193.39,1102,193.39,0.18,34.81
586,12004,2026-05-08,FOR-003,16,45.0,3.7,166.5,1102,166.5,0.12,19.98
587,12004,2026-05-08,FOR-003,17,65.1,5.85,380.83,1102,380.83,0.12,45.7
588,12004,2026-05-08,FOR-007,19,107.8,3.46,372.99,1102,372.99,0.12,44.76
589,12004,2026-05-08,FOR-003,20,67.7,3.1,209.87,1102,209.87,0.12,25.18
590,12004,2026-05-08,FOR-003,21,29.0,1.76,51.04,1102,51.04,0.12,6.12
591,12004,2026-05-08,FOR-004,23,72.0,20.76,1494.72,1102,1494.72,0.12,179.37
592,12004,2026-05-08,FOR-004,24,83.9,13.35,1120.07,1102,1120.07,0.12,134.41
593,12004,2026-05-08,FOR-004,26,52.5,14.29,750.22,1102,750.22,0.12,90.03
594,12004,2026-05-08,FOR-004,27,66.4,15.14,1005.3,1102,1005.3,0.12,120.64
595,12004,2026-05-08,FOR-005,29,97.0,5.26,510.22,1102,510.22,0.18,91.84
596,12004,2026-05-08,FOR-005,30,39.0,8.76,341.64,1102,341.64,0.18,61.5
597,12004,2026-05-08,FOR-005,31,45.0,6.02,270.9,1102,270.9,0.18,48.76
598,12004,2026-05-08,FOR-007,32,106.0,0.92,97.52,1102,97.52,0.18,17.55
599,12004,2026-05-08,FOR-007,36,84.0,8.57,719.88,1102,719.88,0.18,129.58
600,12004,2026-05-08,FOR-006,38,57.0,4.44,253.08,1102,253.08,0.18,45.55
601,12004,2026-05-08,FOR-006,39,131.0,1.7,222.7,1102,222.7,0.18,40.09
602,12005,2026-05-20,FOR-008,8,100.0,18.31,1831.0,1102,1831.0,0.12,219.72
603,12005,2026-05-20,FOR-001,12,79.0,3.18,251.22,1102,251.22,0.12,30.15
604,12005,2026-05-20,FOR-002,1,150.0,3.76,564.0,1102,564.0,0.18,101.52
605,12005,2026-05-20,FOR-002,3,44.0,6.98,307.12,1102,307.12,0.18,55.28
606,12005,2026-05-20,FOR-002,4,30.0,5.17,155.1,1102,155.1,0.18,27.92
607,12005,2026-05-20,FOR-002,6,54.0,4.65,251.1,1102,251.1,0.18,45.2
608,12005,2026-05-20,FOR-003,16,45.0,3.68,165.6,1102,165.6,0.12,19.87
609,12005,2026-05-20,FOR-003,17,62.9,5.81,365.45,1102,365.45,0.12,43.85
610,12005,2026-05-20,FOR-007,20,74.2,3.14,232.99,1102,232.99,0.12,27.96
611,12005,2026-05-20,FOR-003,21,26.0,1.79,46.54,1102,46.54,0.12,5.58
612,12005,2026-05-20,FOR-004,22,62.8,28.13,1766.56,1102,1766.56,0.12,211.99
613,12005,2026-05-20,FOR-004,23,71.0,20.45,1451.95,1102,1451.95,0.12,174.23
614,12005,2026-05-20,FOR-004,24,78.4,12.98,1017.63,1102,1017.63,0.12,122.12
615,12005,2026-05-20,FOR-004,26,49.2,14.42,709.46,1102,709.46,0.12,85.14
616,12005,2026-05-20,FOR-007,28,72.0,6.27,451.44,1102,451.44,0.18,81.26
617,12005,2026-05-20,FOR-007,29,105.0,5.24,550.2,1102,550.2,0.18,99.04
618,12005,2026-05-20,FOR-007,33,177.0,2.4,424.8,1102,424.8,0.18,76.46
619,12005,2026-05-20,FOR-007,34,169.0,3.1,523.9,1102,523.9,0.18,94.3
620,12005,2026-05-20,FOR-006,38,79.0,4.43,349.97,1102,349.97,0.18,62.99
621,12005,2026-05-20,FOR-006,39,124.0,1.67,207.08,1102,207.08,0.18,37.27
622,12005,2026-05-20,FOR-008,40,64.0,4.19,268.16,1102,268.16,0.18,48.27
623,12006,2026-05-30,FOR-007,8,100.0,18.39,1839.0,1102,1839.0,0.12,220.68
624,12006,2026-05-30,FOR-007,10,100.0,4.76,476.0,1102,476.0,0.12,57.12
625,12006,2026-05-30,FOR-001,11,61.0,5.56,339.16,1102,339.16,0.12,40.7
626,12006,2026-05-30,FOR-001,12,102.0,3.15,321.3,1102,321.3,0.12,38.56
627,12006,2026-05-30,FOR-001,14,46.0,3.27,150.42,1102,150.42,0.12,18.05
628,12006,2026-05-30,FOR-001,15,39.0,1.4,54.6,1102,54.6,0.12,6.55
629,12006,2026-05-30,FOR-008,1,150.0,3.87,580.5,1102,580.5,0.18,104.49
630,12006,2026-05-30,FOR-002,2,54.0,2.55,137.7,1102,137.7,0.18,24.79
631,12006,2026-05-30,FOR-002,3,53.0,6.98,369.94,1102,369.94,0.18,66.59
632,12006,2026-05-30,FOR-002,4,47.0,5.1,239.7,1102,239.7,0.18,43.15
633,12006,2026-05-30,FOR-004,6,47.0,4.53,212.91,1102,212.91,0.18,38.32
634,12006,2026-05-30,FOR-003,16,45.0,3.67,165.15,1102,165.15,0.12,19.82
635,12006,2026-05-30,FOR-003,17,37.2,5.88,218.74,1102,218.74,0.12,26.25
636,12006,2026-05-30,FOR-003,18,64.7,4.91,317.68,1102,317.68,0.12,38.12
637,12006,2026-05-30,FOR-007,20,81.0,3.15,255.15,1102,255.15,0.12,30.62
638,12006,2026-05-30,FOR-003,21,39.0,1.82,70.98,1102,70.98,0.12,8.52
639,12006,2026-05-30,FOR-004,24,91.2,13.15,1199.28,1102,1199.28,0.12,143.91
640,12006,2026-05-30,FOR-004,25,90.7,9.11,826.28,1102,826.28,0.12,99.15
641,12006,2026-05-30,FOR-004,26,41.6,14.06,584.9,1102,584.9,0.12,70.19
642,12006,2026-05-30,FOR-004,27,53.4,15.16,809.54,1102,809.54,0.12,97.14
643,12006,2026-05-30,FOR-007,29,104.0,5.24,544.96,1102,544.96,0.18,98.09
644,12006,2026-05-30,FOR-005,30,31.0,8.94,277.14,1102,277.14,0.18,49.89
645,12006,2026-05-30,FOR-005,31,44.0,6.07,267.08,1102,267.08,0.18,48.07
646,12006,2026-05-30,FOR-005,32,149.0,0.9,134.1,1102,134.1,0.18,24.14
647,12006,2026-05-30,FOR-007,33,173.0,2.46,425.58,1102,425.58,0.18,76.6
648,12006,2026-05-30,FOR-007,34,146.0,3.04,443.84,1102,443.84,0.18,79.89
649,12006,2026-05-30,FOR-006,35,90.0,1.48,133.2,1102,133.2,0.18,23.98
650,12006,2026-05-30,FOR-006,36,59.0,8.61,507.99,1102,507.99,0.18,91.44
651,12006,2026-05-30,FOR-007,38,67.0,4.63,310.21,1102,310.21,0.18,55.84
652,12006,2026-05-30,FOR-008,40,70.0,4.12,288.4,1102,288.4,0.18,51.91
653,12007,2026-06-08,FOR-008,8,100.0,18.25,1825.0,1102,1825.0,0.12,219.0
654,12007,2026-06-08,FOR-007,11,63.0,5.48,345.24,1102,345.24,0.12,41.43
655,12007,2026-06-08,FOR-007,12,114.0,3.05,347.7,1102,347.7,0.12,41.72
656,12007,2026-06-08,FOR-008,13,67.0,2.71,181.57,1102,181.57,0.12,21.79
657,12007,2026-06-08,FOR-007,14,47.0,3.25,152.75,1102,152.75,0.12,18.33
658,12007,2026-06-08,FOR-001,15,51.0,1.38,70.38,1102,70.38,0.12,8.45
659,12007,2026-06-08,FOR-008,1,150.0,3.74,561.0,1102,561.0,0.18,100.98
660,12007,2026-06-08,FOR-002,2,53.0,2.53,134.09,1102,134.09,0.18,24.14
661,12007,2026-06-08,FOR-002,4,39.0,5.23,203.97,1102,203.97,0.18,36.71
662,12007,2026-06-08,FOR-008,5,36.0,7.46,268.56,1102,268.56,0.18,48.34
663,12007,2026-06-08,FOR-003,16,45.0,3.7,166.5,1102,166.5,0.12,19.98
664,12007,2026-06-08,FOR-003,17,42.3,5.73,242.38,1102,242.38,0.12,29.09
665,12007,2026-06-08,FOR-003,18,44.6,4.8,214.08,1102,214.08,0.12,25.69
666,12007,2026-06-08,FOR-007,20,46.2,3.15,145.53,1102,145.53,0.12,17.46
667,12007,2026-06-08,FOR-004,22,56.6,29.05,1644.23,1102,1644.23,0.12,197.31
668,12007,2026-06-08,FOR-004,26,43.6,14.46,630.46,1102,630.46,0.12,75.66
669,12007,2026-06-08,FOR-007,28,82.0,6.36,521.52,1102,521.52,0.18,93.87
670,12007,2026-06-08,FOR-005,31,38.0,6.09,231.42,1102,231.42,0.18,41.66
671,12007,2026-06-08,FOR-005,33,203.0,2.47,501.41,1102,501.41,0.18,90.25
672,12007,2026-06-08,FOR-006,37,43.0,8.03,345.29,1102,345.29,0.18,62.15
673,12007,2026-06-08,FOR-006,39,74.0,1.71,126.54,1102,126.54,0.18,22.78
674,12008,2026-06-18,FOR-007,8,100.0,18.3,1830.0,1102,1830.0,0.12,219.6
675,12008,2026-06-18,FOR-007,10,100.0,4.86,486.0,1102,486.0,0.12,58.32
676,12008,2026-06-18,FOR-007,11,65.0,5.4,351.0,1102,351.0,0.12,42.12
677,12008,2026-06-18,FOR-001,12,72.0,3.09,222.48,1102,222.48,0.12,26.7
678,12008,2026-06-18,FOR-001,14,80.0,3.31,264.8,1102,264.8,0.12,31.78
679,12008,2026-06-18,FOR-007,15,46.0,1.43,65.78,1102,65.78,0.12,7.89
680,12008,2026-06-18,FOR-008,3,72.0,6.8,489.6,1102,489.6,0.18,88.13
681,12008,2026-06-18,FOR-002,4,35.0,5.16,180.6,1102,180.6,0.18,32.51
682,12008,2026-06-18,FOR-002,6,44.0,4.61,202.84,1102,202.84,0.18,36.51
683,12008,2026-06-18,FOR-003,16,45.0,3.53,158.85,1102,158.85,0.12,19.06
684,12008,2026-06-18,FOR-007,20,45.5,3.05,138.78,1102,138.78,0.12,16.65
685,12008,2026-06-18,FOR-004,23,49.4,20.9,1032.46,1102,1032.46,0.12,123.9
686,12008,2026-06-18,FOR-004,25,62.6,9.16,573.42,1102,573.42,0.12,68.81
687,12008,2026-06-18,FOR-004,26,43.8,13.95,611.01,1102,611.01,0.12,73.32
688,12008,2026-06-18,FOR-004,27,68.1,15.65,1065.76,1102,1065.76,0.12,127.89
689,12008,2026-06-18,FOR-007,28,119.0,6.28,747.32,1102,747.32,0.18,134.52
690,12008,2026-06-18,FOR-005,30,27.0,8.99,242.73,1102,242.73,0.18,43.69
691,12008,2026-06-18,FOR-005,31,42.0,6.01,252.42,1102,252.42,0.18,45.44
692,12008,2026-06-18,FOR-007,32,115.0,0.9,103.5,1102,103.5,0.18,18.63
693,12008,2026-06-18,FOR-005,33,167.0,2.47,412.49,1102,412.49,0.18,74.25
694,12008,2026-06-18,FOR-005,34,178.0,3.04,541.12,1102,541.12,0.18,97.4
695,12008,2026-06-18,FOR-007,35,127.0,1.5,190.5,1102,190.5,0.18,34.29
696,12008,2026-06-18,FOR-007,39,74.0,1.74,128.76,1102,128.76,0.18,23.18
697,12009,2026-06-26,FOR-007,8,100.0,23.9,2390.0,1102,2390.0,0.12,286.8
698,12009,2026-06-26,FOR-001,12,74.0,3.05,225.7,1102,225.7,0.12,27.08
699,12009,2026-06-26,FOR-007,14,68.0,3.34,227.12,1102,227.12,0.12,27.25
700,12009,2026-06-26,FOR-002,4,34.0,5.22,177.48,1102,177.48,0.18,31.95
701,12009,2026-06-26,FOR-008,5,25.0,7.72,193.0,1102,193.0,0.18,34.74
702,12009,2026-06-26,FOR-002,7,58.0,2.31,133.98,1102,133.98,0.18,24.12
703,12009,2026-06-26,FOR-007,19,119.8,3.39,406.12,1102,406.12,0.12,48.73
704,12009,2026-06-26,FOR-007,20,54.2,3.13,169.65,1102,169.65,0.12,20.36
705,12009,2026-06-26,FOR-004,22,38.4,28.81,1106.3,1102,1106.3,0.12,132.76
706,12009,2026-06-26,FOR-004,23,79.2,20.63,1633.9,1102,1633.9,0.12,196.07
707,12009,2026-06-26,FOR-004,25,79.3,9.12,723.22,1102,723.22,0.12,86.79
708,12009,2026-06-26,FOR-004,27,57.5,15.75,905.62,1102,905.62,0.12,108.67
709,12009,2026-06-26,FOR-007,28,130.0,6.32,821.6,1102,821.6,0.18,147.89
710,12009,2026-06-26,FOR-007,29,110.0,5.12,563.2,1102,563.2,0.18,101.38
711,12009,2026-06-26,FOR-005,30,35.0,9.06,317.1,1102,317.1,0.18,57.08
712,12009,2026-06-26,FOR-005,31,49.0,5.96,292.04,1102,292.04,0.18,52.57
713,12009,2026-06-26,FOR-005,32,141.0,0.92,129.72,1102,129.72,0.18,23.35
714,12009,2026-06-26,FOR-006,37,60.0,7.89,473.4,1102,473.4,0.18,85.21
