product_id,current_quantity,reserved_quantity,last_count_date,storage_location
8,104.0,0.0,2026-06-29,Loja
9,118.0,0.0,2026-06-29,Loja
10,128.0,0.0,2026-06-29,Loja
11,88.0,0.0,2026-06-29,Loja
12,101.0,0.0,2026-06-29,Loja
13,68.0,0.0,2026-06-29,Loja
14,70.0,0.0,2026-06-29,Loja
15,48.0,0.0,2026-06-29,Loja
1,14.0,0.0,2026-06-29,Loja
2,48.0,0.0,2026-06-29,Loja
3,59.0,0.0,2026-06-29,Loja
4,36.0,0.0,2026-06-29,Loja
5,33.0,0.0,2026-06-29,Loja
6,45.0,0.0,2026-06-29,Loja
7,74.0,0.0,2026-06-29,Loja
16,80.0,0.0,2026-06-29,Loja
17,52.7,0.0,2026-06-29,Loja
18,19.0,0.0,2026-06-29,Loja
19,96.6,0.0,2026-06-29,Loja
20,70.8,0.0,2026-06-29,Loja
21,38.0,0.0,2026-06-29,Loja
22,54.9,0.0,2026-06-29,Loja
23,57.6,0.0,2026-06-29,Loja
24,21.0,0.0,2026-06-29,Loja
25,74.6,0.0,2026-06-29,Loja
26,47.2,0.0,2026-06-29,Loja
27,53.2,0.0,2026-06-29,Loja
28,98.0,0.0,2026-06-29,Loja
29,95.0,0.0,2026-06-29,Loja
30,41.0,0.0,2026-06-29,Loja
31,36.0,0.0,2026-06-29,Loja
32,137.0,0.0,2026-06-29,Loja
33,62.0,0.0,2026-06-29,Loja
34,156.0,0.0,2026-06-29,Loja
35,108.0,0.0,2026-06-29,Loja
36,72.0,0.0,2026-06-29,Loja
37,54.0,0.0,2026-06-29,Loja
38,68.0,0.0,2026-06-29,Loja
39,104.0,0.0,2026-06-29,Loja
40,70.0,0.0,2026-06-29,Loja
