loss_id,loss_date,product_id,quantity,loss_reason,unit_cost_at_loss,total_loss_value
701,2026-04-05,16,9.6,Deterioração,3.6,34.56
702,2026-04-12,16,9.5,Quebra Física,3.6,34.2
703,2026-04-19,16,9.6,Avaria,3.6,34.56
704,2026-04-26,16,10.2,Deterioração,3.6,36.72
705,2026-05-03,16,9.3,Quebra Física,3.6,33.48
706,2026-05-10,16,7.5,Avaria,3.6,27.0
707,2026-05-17,16,8.3,Avaria,3.6,29.88
708,2026-05-24,16,7.7,Deterioração,3.6,27.72
709,2026-05-31,16,10.1,Avaria,3.6,36.36
710,2026-06-05,16,9.1,Avaria,3.6,32.76
711,2026-06-11,16,10.3,Avaria,3.6,37.08
712,2026-06-16,16,10.7,Avaria,3.6,38.52
713,2026-06-21,16,10.9,Avaria,3.6,39.24
714,2026-06-25,16,10.0,Avaria,3.6,36.0
715,2026-06-28,16,10.2,Avaria,3.6,36.72
716,2026-04-19,3,3.0,Avaria,6.8,20.4
717,2026-06-26,3,2.0,Vencimento,6.8,13.6
718,2026-05-17,17,1.2,Vencimento,5.8,6.96
719,2026-04-02,17,1.5,Avaria,5.8,8.7
720,2026-05-29,17,1.7,Deterioração,5.8,9.86
721,2026-06-26,17,1.5,Vencimento,5.8,8.7
722,2026-05-18,18,1.2,Avaria,4.8,5.76
723,2026-05-31,18,1.1,Deterioração,4.8,5.28
724,2026-05-12,18,2.8,Avaria,4.8,13.44
725,2026-06-22,18,1.1,Vencimento,4.8,5.28
726,2026-05-09,21,2.0,Avaria,1.8,3.6
727,2026-04-18,21,1.0,Avaria,1.8,1.8
728,2026-05-09,21,3.0,Avaria,1.8,5.4
729,2026-04-13,21,1.0,Deterioração,1.8,1.8
730,2026-05-20,24,1.9,Deterioração,13.2,25.08
731,2026-06-29,24,2.9,Vencimento,13.2,38.28
732,2026-06-20,18,2.0,Avaria,4.8,9.6
